{
  "parent": "minecraft:end/kill_dragon",
  "display": {
    "icon": {
      "item": "minecraft:ender_pearl"
    },
    "title": {
      "translate": "advancements.end.enter_end_gateway.title"
    },
    "description": {
      "translate": "advancements.end.enter_end_gateway.description"
    },
    "frame": "task",
    "show_toast": true,
    "announce_to_chat": true,
    "hidden": false
  },
  "criteria": {
    "entered_end_gateway": {
      "trigger": "minecraft:enter_block",
      "conditions": {
        "block": "minecraft:end_gateway",
		"player": [
          {
            "condition": "minecraft:entity_properties",
            "entity": "this",
            "predicate": {
              "location": {
                "dimension": "minecraft:the_end"
              }
            }
          }
        ]
      }
    }
  },
  "requirements": [
    [
      "entered_end_gateway"
    ]
  ]
}