{
  "parent": "minecraft:nether/use_lodestone",
  "display": {
    "icon": {
      "item": "minecraft:compass",
	  "nbt":"{CustomModelData:2}"
    },
    "title": {
      "translate": "advancements.ddd.pair_doorway.title"
    },
    "description": {
      "translate": "advancements.ddd.pair_doorway.description"
    },
    "frame": "challenge",
    "show_toast": true,
    "announce_to_chat": true,
    "hidden": false
  },
  "criteria": {
    "requirement": {
      "trigger": "minecraft:impossible"
    }
  }
}