{
  "criteria": {
    "requirement": {
      "trigger": "minecraft:item_used_on_block",
      "conditions": {
        "player": [
          {
            "condition": "minecraft:entity_properties",
            "entity": "this",
            "predicate": {
              "nbt": "{SelectedItemSlot:5}",
              "equipment": {
                "mainhand": {
                  "items": [
                    "minecraft:compass"
                  ]
                }
              }
            }
          }
        ],
        "item": {
          "items": [
            "minecraft:compass"
          ],
          "nbt": "{CustomModelData:2}"
        },
        "location": {
          "block": {
            "blocks": [
              "minecraft:lodestone"
            ]
          }
        }
      }
    }
  },
  "rewards": {
	"function": "ddd:entity/player/inventory/old/dim/5"
  }
}
