{
  "criteria": {
    "requirement": {
      "trigger": "minecraft:item_used_on_block",
      "conditions": {
        "player": [
          {
            "condition": "minecraft:inverted",
            "term": {
              "condition": "minecraft:entity_properties",
              "entity": "this",
              "predicate": {
                "equipment": {
                  "mainhand": {
                    "items": [
                      "minecraft:compass"
                    ]
                  }
                }
              }
            }
          }
        ],
        "item": {
          "items": [
            "minecraft:compass"
          ],
          "nbt": "{CustomModelData:1}"
        },
        "location": {
          "block": {
            "blocks": [
              "minecraft:lodestone"
            ]
          }
        }
      }
    }
  },
  "rewards": {
	"function": "ddd:entity/player/inventory/new/offhand"
  }
}
