{
  "parent": "minecraft:nether/obtain_ancient_debris",
  "display": {
    "icon": {
      "item": "minecraft:lodestone"
    },
    "title": {
      "translate": "advancements.nether.use_lodestone.title"
    },
    "description": {
      "translate": "advancements.nether.use_lodestone.description"
    },
    "frame": "task",
    "show_toast": true,
    "announce_to_chat": true,
    "hidden": false
  },
  "criteria": {
    "use_lodestone": {
      "trigger": "minecraft:item_used_on_block",
      "conditions": {
        "player": [
          {
            "condition": "minecraft:alternative",
            "terms": [
              {
                "condition": "minecraft:inverted",
                "term": {
                  "condition": "minecraft:alternative",
                  "terms": [
                    {
                      "condition": "minecraft:inverted",
                      "term": {
                        "condition": "minecraft:entity_properties",
                        "entity": "this",
                        "predicate": {
                          "equipment": {
                            "mainhand": {
                              "items": [
                                "minecraft:compass"
                              ]
                            }
                          }
                        }
                      }
                    },
                    {
                      "condition": "minecraft:entity_properties",
                      "entity": "this",
                      "predicate": {
                        "equipment": {
                          "mainhand": {
                            "items": [
                              "minecraft:compass"
                            ],
                            "nbt": "{CustomModelData:1}"
                          }
                        }
                      }
                    },
                    {
                      "condition": "minecraft:entity_properties",
                      "entity": "this",
                      "predicate": {
                        "equipment": {
                          "mainhand": {
                            "items": [
                              "minecraft:compass"
                            ],
                            "nbt": "{CustomModelData:2}"
                          }
                        }
                      }
                    }
                  ]
                }
              },
              {
                "condition": "minecraft:inverted",
                "term": {
                  "condition": "minecraft:alternative",
                  "terms": [
                    {
                      "condition": "minecraft:entity_properties",
                      "entity": "this",
                      "predicate": {
                        "equipment": {
                          "offhand": {
                            "items": [
                              "minecraft:compass"
                            ],
                            "nbt": "{CustomModelData:1}"
                          }
                        }
                      }
                    },
                    {
                      "condition": "minecraft:entity_properties",
                      "entity": "this",
                      "predicate": {
                        "equipment": {
                          "offhand": {
                            "items": [
                              "minecraft:compass"
                            ],
                            "nbt": "{CustomModelData:2}"
                          }
                        }
                      }
                    },
                    {
                      "condition": "minecraft:entity_properties",
                      "entity": "this",
                      "predicate": {
                        "equipment": {
                          "mainhand": {
                            "items": [
                              "minecraft:compass"
                            ]
                          }
                        }
                      }
                    }
                  ]
                }
              }
            ]
          }
        ],
        "item": {
          "items": [
            "minecraft:compass"
          ]
        },
        "location": {
          "block": {
            "blocks": [
              "minecraft:lodestone"
            ]
          }
        }
      }
    }
  },
  "requirements": [
    [
      "use_lodestone"
    ]
  ]
}